member_name,rank,employer,total,count
Jason Smith,1,GOOGLE,40250,16
Jason Smith,2,NORTHWESTERN MUTUAL,15500,13
Jason Smith,3,THE BALDWIN,13200,4
Jason Smith,4,TRIBE,11300,7
Jason Smith,5,WEBB CREEK,8333,1
Jason Smith,6,SOLANA LABS,8000,4
Jason Smith,7,DAVITA,7500,3
Jason Smith,8,TOWN & COUNTRY SUPER MARKET,7000,3
Jason Smith,9,THE ANSCHUTZ,7000,3
Jason Smith,10,SOROBAN CAPITAL,7000,3
Jason Smith,11,TIRECO,7000,3
Jason Smith,12,BLUE OWL CAPITAL,7000,5
Jason Smith,13,ARSENAL CAPITAL,7000,3
Jason Smith,14,CHARLES SCHWAB,7000,3
Jason Smith,15,SCOTTTRADE FINANCIAL,7000,3
Jason Smith,16,THE HOME DEPOT,7000,3
Vern Buchanan,1,MCIVER CLINIC,7500,4
Vern Buchanan,2,GARGIULO,7000,2
Vern Buchanan,3,SMOKY MOUNTAIN FAMILY FARMS,7000,2
Vern Buchanan,4,SARASOTA BROOKSIDE ELEMENTARY,7000,2
Vern Buchanan,5,PACIFIC TOMATE GROWERS,7000,2
Vern Buchanan,6,MOBLEY,7000,2
Vern Buchanan,7,ADVOCATE HEALTH ADVISORS,7000,2
Vern Buchanan,8,CARNIVAL CRUISE LINE,7000,2
Vern Buchanan,9,HAMLIN &,6600,2
Vern Buchanan,10,WEBB CREEK,5000,2
Vern Buchanan,11,GAMECHANGE SOLAR,5000,3
Vern Buchanan,12,BARRINTON,5000,2
Vern Buchanan,13,FINANCIAL INSURANCE,5000,2
Vern Buchanan,14,GARCIA DEVELOPMENT,5000,2
Vern Buchanan,15,LIPMAN FAMILY FARMS,5000,2
Vern Buchanan,16,FTC SOLAR,5000,2
Vern Buchanan,17,POLARIS,3500,1
Adrian Smith,1,HAWKINS CONSTRUCTION,17500,8
Adrian Smith,2,DCI,12800,11
Adrian Smith,3,WEBB CREEK,8333,4
Adrian Smith,4,ADAPTIVE CONSTRUCTION SOLUTIONS,7000,5
Adrian Smith,5,WCAS,7000,6
Adrian Smith,6,BLACKSTONE,5000,3
Adrian Smith,7,THE PETRIZZO,4500,2
Adrian Smith,8,SAMPSON CONSTRUCTION,4500,2
Adrian Smith,9,MOBLEY,4167,3
Adrian Smith,10,STATE OF NEBRASKA,3550,2
Adrian Smith,11,SID DILLON CHEVROLET,3500,1
Adrian Smith,12,MOOSTASH JOE TOURS,3500,1
Adrian Smith,13,HUB,3500,1
Adrian Smith,14,BAXTER AUTOMOTIVE,3500,1
Adrian Smith,15,GCP CAPITAL,3500,1
Adrian Smith,16,BRUNING LAW,3500,1
Adrian Smith,17,FREMONT CONTRACT CARRIERS,3500,1
Mike Kelly,1,CAROLYN ROWAN COLLECTION,7000,2
Mike Kelly,2,APOLLO,7000,2
Mike Kelly,3,ARSEN CAPITAL,7000,2
Mike Kelly,4,SOROBAN CAPITAL,7000,2
Mike Kelly,5,GREATER PITTSBURGH AUTO DEALERS,5000,3
Mike Kelly,6,MIKE HERNANDEZ,3500,1
Mike Kelly,7,O'BRIEN AUTOMOTIVE TEAM,3500,1
Mike Kelly,8,ELLWOOD FORGE,3500,1
Mike Kelly,9,JIM NORTON TOYOTA,3500,1
Mike Kelly,10,WATCO COMPANIES,3050,1
Mike Kelly,11,THE PICARD,2500,1
Mike Kelly,12,THE MCMANUS,2500,1
Mike Kelly,13,HONDA AUTO CENTER OF BELLEVUE,2500,1
Mike Kelly,14,MURAL HEALTH,2000,1
Mike Kelly,15,WILLIAMS AND JENSEN,2000,2
Mike Kelly,16,SI-BONE,2000,1
Mike Kelly,17,DAVITA,1750,3
David Schweikert,1,DANZIK APPLIED SCIENCES,7000,3
David Schweikert,2,CLEAR PATH,7000,2
David Schweikert,3,CONTINENTAL INVESTORS,7000,2
David Schweikert,4,CUMBERLAND DEVELOPMENT,7000,3
David Schweikert,5,AUDAX,7000,3
David Schweikert,6,CAROLYN ROWAN COLLECTION,7000,2
David Schweikert,7,APOLLO,7000,2
David Schweikert,8,ELLIOTT INVESTMENT,7000,3
David Schweikert,9,DANIELS MANUFACTURING,7000,2
David Schweikert,10,EDWARD C LEVY,6610,3
David Schweikert,11,BROWNSTEIN,6500,8
David Schweikert,12,CVS HEALTH,4500,2
David Schweikert,13,MAYER BROWN,4000,2
David Schweikert,14,BGR,4000,3
David Schweikert,15,NESSEL DEVELOPMENT,3500,1
David Schweikert,16,NEVER SURRENDER,3500,1
David Schweikert,17,MARTORI FARMS,3500,1
Darin LaHood,1,PIVOT ENERGY,14651,19
Darin LaHood,2,SPRINGFIELD ARMORY,14000,4
Darin LaHood,3,CONSTELLATION ENERGY,10000,15
Darin LaHood,4,LIPSCHULTZ FAMILY FOUNDATION,7000,2
Darin LaHood,5,OPENAI,7000,2
Darin LaHood,6,CAPITOL COUNSEL,7000,2
Darin LaHood,7,BLUE OWL CAPITAL,7000,2
Darin LaHood,8,BLACKSTONE,7000,2
Darin LaHood,9,URBAN EQUITY,7000,2
Darin LaHood,10,WIREPATH HOME SYSTEMS,7000,2
Darin LaHood,11,ARNOLD VENTURES,7000,2
Darin LaHood,12,CAPITOL TAX,6300,5
Darin LaHood,13,BGR,5825,6
Darin LaHood,14,JES,5000,2
Darin LaHood,15,MIDWEST TECHNICAL INSTITUTE,5000,2
Darin LaHood,16,OGR,4500,6
Darin LaHood,17,CANADA LIFE REINSURANCE,3750,3
Jodey Arrington,1,MFO VENTURES,7000,2
Jodey Arrington,2,HUNT COMPANIES,7000,2
Jodey Arrington,3,PLAINS CAPITAL BANK/HILLTOP,6600,2
Jodey Arrington,4,BAR-G FEEDYARD,5000,2
Jodey Arrington,5,HORIZON DAIRY,5000,2
Jodey Arrington,6,FRESENIUS KABI,5000,2
Jodey Arrington,7,SCHLUMBER,5000,2
Jodey Arrington,8,FASKEN,4998,6
Jodey Arrington,9,WINGED KEEL,4500,5
Jodey Arrington,10,CAPITOL COUNSEL,3500,1
Jodey Arrington,11,THE STANTON PARK,3500,2
Jodey Arrington,12,CG 7600,3500,1
Jodey Arrington,13,M FINANCIAL,3000,2
Jodey Arrington,14,OGR,2500,3
Jodey Arrington,15,ADVANCED POLICY,2500,1
Jodey Arrington,16,LONESTAR AG,2500,1
Jodey Arrington,17,HBC INVESTMENTS,2107,1
Ron Estes,1,TRANSYSTEMS,7500,3
Ron Estes,2,INTRUST BANK,5000,2
Ron Estes,3,CAPITOL TAX,4800,4
Ron Estes,4,GOOGLE,3500,1
Ron Estes,5,GOLUB CAPITAL,3500,1
Ron Estes,6,MARKED BY CECI,2500,1
Ron Estes,7,FIERCE GOVERNMENT RELATIONS,2500,3
Ron Estes,8,WATCO,2500,2
Ron Estes,9,WASHINGTON TAX PUBLIC POLICY,2500,1
Ron Estes,10,MAYER BROWN,2500,1
Ron Estes,11,WILLIAMS JENSEN,2000,1
Ron Estes,12,CTP,1500,1
Ron Estes,13,ENERGY INFRASTRUCTURE COUNCIL,1500,1
Ron Estes,14,LPFS,1000,1
Ron Estes,15,AKIN GUMP STRAUSS HAUER AND FELD,1000,1
Ron Estes,16,AKIN GUMP STRAUSS HAUER FELD,1000,1
Ron Estes,17,WASHINGTON TAX,1000,1
Lloyd Smucker,1,BLACKSTONE,7000,3
Lloyd Smucker,2,CAROLYN ROWAN COLLECTION,7000,2
Lloyd Smucker,3,SOROBAN CAPITAL,7000,3
Lloyd Smucker,4,APOLLO,7000,2
Lloyd Smucker,5,ALSTON BIRD,5500,5
Lloyd Smucker,6,SILVI MATERIALS,5000,3
Lloyd Smucker,7,TODD STRATEGY,2500,1
Lloyd Smucker,8,LINCOLN POLICY,2500,2
Lloyd Smucker,9,RICH FEUER ANDERSON,1500,1
Lloyd Smucker,10,STANTON PARK,1500,1
Lloyd Smucker,11,KOUNTOUPES DENHAM CARR & REID,1500,1
Lloyd Smucker,12,THE PICARD,1000,2
Lloyd Smucker,13,W STRATEGIES,1000,1
Lloyd Smucker,14,MAYER BROWN,1000,1
Lloyd Smucker,15,FIERCE GOVERNMENT RELATIONS,1000,1
Lloyd Smucker,16,CORNERSTONE GOVERNMENT AFFAIRS,1000,1
Lloyd Smucker,17,CAPITOL TAX,1000,1
Kevin Hern,1,NEXTEP,17740,6
Kevin Hern,2,BGR,10500,8
Kevin Hern,3,WEBB CREEK,8333,3
Kevin Hern,4,CAPITOL TAX,7000,6
Kevin Hern,5,BLACKSTONE,7000,2
Kevin Hern,6,VENSURE,5205,1
Kevin Hern,7,TEXAS SULTIONS SECURITY AND PATROL,5000,2
Kevin Hern,8,CHARTERHOUSE,4800,4
Kevin Hern,9,MOBLEY,4167,2
Kevin Hern,10,OGILVY GOVERNMENT RELATIONS,4000,6
Kevin Hern,11,AKIN GUMP,4000,2
Kevin Hern,12,FIERCE GOVERNMENT RELATIONS,4000,8
Kevin Hern,13,CHARTWELL STRATEGY,3500,1
Kevin Hern,14,MEHLMAN CASTAGNETTI ROSEN THOMAS,3500,1
Kevin Hern,15,HOLLAND KNIGHT,3500,1
Kevin Hern,16,SALT POINT STRATEGIES,3500,2
Carol Miller,1,FORM ENERGY,9800,8
Carol Miller,2,KEYROCK ENERGY,8000,3
Carol Miller,3,LONG HAUL LEASING,7000,2
Carol Miller,4,CLEAR PATH,7000,2
Carol Miller,5,SERVICE PUMP AND SUPPLY,7000,2
Carol Miller,6,HALL STRATEGIES,7000,2
Carol Miller,7,DUKE ENERGY,5000,3
Carol Miller,8,MAYER,4600,4
Carol Miller,9,LITTLE GENERAL STORE,4000,2
Carol Miller,10,BGR,3962,5
Carol Miller,11,KIMBELL,3500,1
Carol Miller,12,COLE AUTOMOTIVE,3500,1
Carol Miller,13,RIMBACH PUBLISHING,3500,1
Carol Miller,14,SYNERGI,3500,1
Carol Miller,15,CARE HOUSE,3500,1
Carol Miller,16,JAN-CARE AMBULANCE,3500,1
Greg Murphy,1,UROLOGY CLINICS OF NORTH TEXAS,24500,7
Greg Murphy,2,ALG SENIOR,14000,6
Greg Murphy,3,NYCBS,11750,14
Greg Murphy,4,ADVOCATE HEALTH ADVISORS,10000,3
Greg Murphy,5,LIBERTY HEALTHCARE,7000,2
Greg Murphy,6,KNOW BIO,7000,2
Greg Murphy,7,PRINCIPLE LTC,5500,3
Greg Murphy,8,RPS MEDICAL,5500,4
Greg Murphy,9,GR,3500,1
Greg Murphy,10,GUAYNABO RADIOLOGY,3500,1
Greg Murphy,11,HILLCO,3500,1
Greg Murphy,12,KSA ENTERPRISES,3500,1
Greg Murphy,13,MEDICAL CARD SYSTEM,3500,1
Greg Murphy,14,METCON,3500,1
Greg Murphy,15,PMCOA,3500,1
Greg Murphy,16,NEW YORK CANCER,3500,1
David Kustoff,1,ADVANCE FINANCIAL,14000,6
David Kustoff,2,APOLLO GLOBAL,12500,6
David Kustoff,3,WEBB CREEK,8332,6
David Kustoff,4,LIPMAN BROS,7000,3
David Kustoff,5,CCA,7000,3
David Kustoff,6,MOBLEY,7000,3
David Kustoff,7,QUEST,7000,2
David Kustoff,8,HAURY & SMITH,7000,3
David Kustoff,9,NATIONAL HEALTHCARE,5800,11
David Kustoff,10,THE ARMSTRONG,5000,3
David Kustoff,11,TODD STRATEGY,4750,3
David Kustoff,12,SUMMIT AGRICULTURAL,3500,1
David Kustoff,13,TEXAS GAS TRANSMISSION,3500,1
David Kustoff,14,RISE,3500,1
David Kustoff,15,AKIN GUMP STRAUSS HAUER & FELD,3500,1
David Kustoff,16,MILLER STRATEGIES,3500,1
David Kustoff,17,JEFFREY J KIMBELL &,3500,1
Brian Fitzpatrick,1,NEW YORK LIFE,16500,7
Brian Fitzpatrick,2,APOLLO,14800,6
Brian Fitzpatrick,3,SHADE TREE ADVISORS,14000,4
Brian Fitzpatrick,4,NEW YORK LIFE INSURANCE,7500,3
Brian Fitzpatrick,5,WILLOUGHBY CAPITAL,7000,2
Brian Fitzpatrick,6,WESRAY SOCIAL INVESTMENTS,7000,2
Brian Fitzpatrick,7,CROW,7000,2
Brian Fitzpatrick,8,CHARLES POTOMAC CAPITAL,7000,2
Brian Fitzpatrick,9,DERSON ADVISORS,7000,2
Brian Fitzpatrick,10,CC INDUSTRIES,7000,2
Brian Fitzpatrick,11,FORTRESS INVESTMENT,7000,2
Brian Fitzpatrick,12,ELLIOTT INVESTMENT,7000,2
Brian Fitzpatrick,13,GOLDMAN SACHS,7000,2
Brian Fitzpatrick,14,NEW MARK MERRILL COMPANIES,7000,2
Brian Fitzpatrick,15,ICI HOMES,6600,2
Brian Fitzpatrick,16,NEW YORK LIFE INS,6500,3
Brian Fitzpatrick,17,A10,5600,2
Greg Steube,1,ANDREESSEN HOROWITZ,14000,4
Greg Steube,2,CARNIVAL,12000,4
Greg Steube,3,BIOWOUND SOLUTIONS,3500,1
Greg Steube,4,PROMETHEUS,3500,1
Greg Steube,5,SILENCER CENTRAL,3000,1
Greg Steube,6,MULTI CHANNEL,3000,4
Greg Steube,7,ACESSO BIOLOGICS,2500,1
Greg Steube,8,THE MCMANUS,2500,1
Greg Steube,9,MAYER BROWN,2000,2
Greg Steube,10,ZIRKELBACH STRATEGIES,2000,1
Greg Steube,11,DLA PIPER,1875,1
Greg Steube,12,KEMPSTAR,1875,1
Greg Steube,13,STOICLANE,1875,1
Greg Steube,14,MEOPTA USA,1875,1
Greg Steube,15,CRAIG/IS,1875,1
Greg Steube,16,SPRING LABS,1875,1
Greg Steube,17,GOLDMAN SACHS,1875,1
Greg Steube,18,OLD NORTH STRATEGIES,1500,1
Claudia Tenney,1,CORNING,14500,6
Claudia Tenney,2,BLUE OWL CAPITAL,14000,4
Claudia Tenney,3,ADVANTAGE CAPITAL,13300,9
Claudia Tenney,4,BLOOM ENERGY,11250,17
Claudia Tenney,5,NOVOGRADAC,11000,7
Claudia Tenney,6,FIRST MANHATTAN,7000,4
Claudia Tenney,7,BLACKSTONE,7000,3
Claudia Tenney,8,ENERGY CAPITAL,7000,3
Claudia Tenney,9,BOSTON MUTUAL LIFE INSURANCE,6600,2
Claudia Tenney,10,PREMIER MEDICAL,6000,3
Claudia Tenney,11,BLUMBERG CAPITAL,3500,1
Claudia Tenney,12,CHARTWELL STRATEGY,3500,1
Claudia Tenney,13,MACK AND CONSTRUCTION,3300,1
Claudia Tenney,14,GLOBE LIFE,3300,1
Claudia Tenney,15,SECURITY MUTUAL LIFE INS OF NY,3300,1
Claudia Tenney,16,KAMSON,3300,1
Michelle Fischbach,1,MARQUIS,27500,10
Michelle Fischbach,2,FELTL,7000,2
Michelle Fischbach,3,STARKEY HEARING,7000,2
Michelle Fischbach,4,PIVOT EQUITY,6600,2
Michelle Fischbach,5,CARBON SOLUTIONS,5000,2
Michelle Fischbach,6,NRLC,5000,2
Michelle Fischbach,7,COBORN'S,5000,2
Michelle Fischbach,8,WALSER AUTOMOTIVE,4000,2
Michelle Fischbach,9,US CONGRESS,3500,1
Michelle Fischbach,10,WCAS,3500,1
Michelle Fischbach,11,AUTOMOTIVE PARTS HEADQUARTERS,3500,1
Michelle Fischbach,12,SAM NUTRITION,3300,1
Michelle Fischbach,13,CONESTOGA ENERGY,2500,1
Michelle Fischbach,14,CONSOLIDATED TELEPHONE,2000,1
Michelle Fischbach,15,MATHIOWETZ CONSTRUCTION,1791,2
Michelle Fischbach,16,HUBBARD RADIO,1500,1
Michelle Fischbach,17,CHRISTENSEN FARMS,1500,1
Blake Moore,1,SUNRUN,17800,24
Blake Moore,2,HEALTHEQUITY,16700,8
Blake Moore,3,APOLLO GLOBAL,11500,5
Blake Moore,4,LAYTON CONSTRUCTION,10500,3
Blake Moore,5,PIVOTAL VENTURES,7000,2
Blake Moore,6,MOUNTAIN AMERICA CREDIT UNION,7000,2
Blake Moore,7,ARNOLD VENTURES,7000,2
Blake Moore,8,SAGESURE,7000,2
Blake Moore,9,EPIC,6800,2
Blake Moore,10,NICHOLS LIU,6600,2
Blake Moore,11,HDM CAPITAL,6000,2
Blake Moore,12,APOLLO,6000,3
Blake Moore,13,VSPRING CAPITAL,6000,2
Blake Moore,14,RBC CAPITAL MARKETS,5500,9
Blake Moore,15,CLYDE COMPANIES,5300,3
Blake Moore,16,S-3,4500,2
Beth Van Duyne,1,ELLIOTT INVESTMENT,14000,4
Beth Van Duyne,2,AUERBACH REALTY,7000,2
Beth Van Duyne,3,HILTON,7000,3
Beth Van Duyne,4,BLACKSTONE,7000,3
Beth Van Duyne,5,UNAKA,7000,3
Beth Van Duyne,6,ABERDEEN LAND,7000,4
Beth Van Duyne,7,KOMATSU ARCHITECTURE,6245,5
Beth Van Duyne,8,VEHICLE LEASING,3643,3
Beth Van Duyne,9,WILLIAMS BROS CONST,3643,3
Beth Van Duyne,10,BLUMBERG CAPITAL,3500,1
Beth Van Duyne,11,HUB,3500,1
Beth Van Duyne,12,MSM,3500,1
Beth Van Duyne,13,MEHLMAN CASTAGNETTI ROSEN THOMAS,3500,1
Beth Van Duyne,14,BILLINGSLEY,3300,1
Beth Van Duyne,15,WASHINGTON COUNCIL EY,3300,1
Beth Van Duyne,16,SENIOR CARE PHARMACY COALITION,2500,1
Beth Van Duyne,17,BCC,2500,1
Randy Feenstra,1,TALUSAG,14000,6
Randy Feenstra,2,MARQUIS,13400,4
Randy Feenstra,3,APOLLO GLOBAL,7500,3
Randy Feenstra,4,COTTINGHAM BUTLER,7000,4
Randy Feenstra,5,ROUTE ONE INVESTMENT,7000,2
Randy Feenstra,6,CANDYBOMBER,7000,5
Randy Feenstra,7,BLUE OWL CAPITAL,7000,5
Randy Feenstra,8,MARQUIS ENERGY,6600,2
Randy Feenstra,9,APOLLO,4000,2
Randy Feenstra,10,ARTICLE ONE,3500,1
Randy Feenstra,11,AMVC,3500,2
Randy Feenstra,12,MEHLMAN,3500,1
Randy Feenstra,13,AKIN GUMP,3500,1
Randy Feenstra,14,WASHINGTON COUNCIL EY,3500,1
Randy Feenstra,15,CLEAR PATH,3500,1
Randy Feenstra,16,CAPITOL TAX,3500,1
Nicole Malliotakis,1,APOLLO,12000,6
Nicole Malliotakis,2,APOLLO GLOBAL,8000,4
Nicole Malliotakis,3,ELLIOTT INVESTMENT,7000,3
Nicole Malliotakis,4,WEBB CREEK,7000,5
Nicole Malliotakis,5,CHAIRMAN,7000,3
Nicole Malliotakis,6,SABIN METAL,7000,3
Nicole Malliotakis,7,NEW MOUNTAIN CAPITAL,7000,3
Nicole Malliotakis,8,BLACKSTONE,7000,3
Nicole Malliotakis,9,GUARDANT HEALTH,6600,3
Nicole Malliotakis,10,MEHLMAN,6000,4
Nicole Malliotakis,11,ATLAS CROSSING,6000,4
Nicole Malliotakis,12,NORM CHAMP,5750,3
Nicole Malliotakis,13,JACKSON FAMILY INVESTMENTS,5714,4
Nicole Malliotakis,14,PRICEWATERHOUSECOOPERS LLPPAR,5000,3
Nicole Malliotakis,15,RETTNER,5000,3
Nicole Malliotakis,16,ACVS,5000,3
Nicole Malliotakis,17,RXR,5000,3
Mike Carey,1,WEBB CREEK,9333,4
Mike Carey,2,MOBLEY,8334,3
Mike Carey,3,BARNES THORNBURG,8300,4
Mike Carey,4,DCI,7000,6
Mike Carey,5,BLACKSTONE,7000,5
Mike Carey,6,VENTURE GOVERNMENT STRATEGIES,6500,11
Mike Carey,7,HDM CAPITAL,6000,4
Mike Carey,8,BYERS MINTON &,5000,2
Mike Carey,9,INVENERGY,5000,2
Mike Carey,10,OHIO STATE UNIVERSITY,4500,4
Mike Carey,11,CAPITOL TAX,4500,5
Mike Carey,12,OGR,4500,4
Mike Carey,13,KENMORE CONSTRUCTION,3500,1
Mike Carey,14,MEIJER,3500,1
Mike Carey,15,COINBASE,3500,1
Mike Carey,16,CLEARPATH,3500,1
Mike Carey,17,O'BRIEN AUTOMOTIVE TEAM,3500,1
Rudy Yakym,1,KIRKLAND & ELLIS,14500,6
Rudy Yakym,2,MARQUIS,8500,5
Rudy Yakym,3,CAPITOL TAX,8100,4
Rudy Yakym,4,BLACKSTONE,7400,4
Rudy Yakym,5,ARSENAL CAPITAL,7287,3
Rudy Yakym,6,ELLIOTT INVESTMENT,7000,3
Rudy Yakym,7,THE HERITAGE,6600,3
Rudy Yakym,8,CAPITOL COUNSEL,5000,5
Rudy Yakym,9,G2 GAMING,5000,1
Rudy Yakym,10,HILCO GLOBAL,4000,2
Rudy Yakym,11,BGR,3750,5
Rudy Yakym,12,CLEARPATH,3500,1
Rudy Yakym,13,INDEPENDENCE TUBE,3500,2
Rudy Yakym,14,SKYBOX CAPITAL,3500,1
Rudy Yakym,15,MEIJER,3500,1
Rudy Yakym,16,ARNOLD VENTURES,3500,1
Max Miller,1,BREAKTHRU BEVERAGE,7000,3
Max Miller,2,SAILPOINT,7000,3
Max Miller,3,SAGESURE,7000,3
Max Miller,4,REGENCY CENTERS,7000,4
Max Miller,5,CAROLYN ROWAN COLLECTION,7000,2
Max Miller,6,APOLLO,7000,2
Max Miller,7,HUNT COMPANIES,7000,3
Max Miller,8,MONTGOMERY CAPITAL,7000,2
Max Miller,9,JANE STREET,7000,2
Max Miller,10,ELLIOTT INVESTMENT,7000,3
Max Miller,11,KEEWIN,7000,4
Max Miller,12,FIGGERS COMMUNICATION,6600,2
Max Miller,13,THE NRP,6600,2
Max Miller,14,MORELAND MANAGMENT,6600,3
Max Miller,15,JONES DAY,6000,3
Max Miller,16,MARQUIS,6000,2
Max Miller,17,MUFG,5000,3
Aaron Bean,1,APOLLO GLOBAL,10000,5
Aaron Bean,2,ADELANTO HEALTHCARE VENTURES,7000,2
Aaron Bean,3,NEW WORLD SYMPHONY,7000,2
Aaron Bean,4,CARNIVAL,7000,2
Aaron Bean,5,RETTNER,6600,2
Aaron Bean,6,ARNOLD VENTURES,5250,4
Aaron Bean,7,ACESSO BIOLOGICS,5001,2
Aaron Bean,8,PASSION GROWERS,5000,2
Aaron Bean,9,BAPTIST HEALTH,5000,3
Aaron Bean,10,BIOWOUND SOLUTIONS,5000,2
Aaron Bean,11,CORCORAN,5000,2
Aaron Bean,12,CONTINENTAL STRATEGY,4500,2
Aaron Bean,13,GRAIL,4000,3
Aaron Bean,14,ALSTON & BIRD LAW FIRM,4000,4
Aaron Bean,15,APPLIED INSURANCE ADVISORS,3643,2
Aaron Bean,16,BROWN AND BROWN INSURANCE,3500,1
Aaron Bean,17,BROOKS REHABILITATION,3500,1
Aaron Bean,18,CARNIVAL CRUISES,3500,1
Nathaniel Moran,1,HUNT CONSOLIDATED,7000,2
Nathaniel Moran,2,VEHICLE LEASING,3500,1
Nathaniel Moran,3,ARNOLD VENTURES,3500,1
Nathaniel Moran,4,THE ARNOLD COMPANIES,3300,1
Nathaniel Moran,5,OGR,3000,4
Nathaniel Moran,6,STOUDT,2500,1
Nathaniel Moran,7,WASHINGTON TAX PUBLIC POLICY,2500,1
Nathaniel Moran,8,SITKA BAY,2041,2
Nathaniel Moran,9,SPLITOAK STRATEGIES,2000,2
Nathaniel Moran,10,FOUR-S OIL,1998,3
Nathaniel Moran,11,SASCO,1900,2
Nathaniel Moran,12,AKIN GUMP STRAUSS HAUER FELD,1750,3
Nathaniel Moran,13,RICH FEUER ANDERSON,1500,1
Nathaniel Moran,14,SMI,1500,3
Nathaniel Moran,15,MEHLMAN,1500,2
Nathaniel Moran,16,NORTHWESTERN MUTUAL,1500,1
Nathaniel Moran,17,CAPITOL COUNSEL,1500,2
Nathaniel Moran,18,FEDERAL HEALTH POLICY STRATEGIES,1000,1
Richard Neal,1,WINGED KEEL,10000,11
Richard Neal,2,NFP,7500,4
Richard Neal,3,KKR,7000,2
Richard Neal,4,GLOBAL ATLANTIC,7000,2
Richard Neal,5,WINN COMPANIES,5000,2
Richard Neal,6,AMERICAN TOWER,5000,2
Richard Neal,7,LINCOLN AVENUE COMMUNITIES,5000,2
Richard Neal,8,BROWNSTEIN HYATT FARBER SCHRECK,4250,10
Richard Neal,9,AMROCK,3500,1
Richard Neal,10,CAPITOL TAX,3500,4
Richard Neal,11,ROCK VENTURES,3300,1
Richard Neal,12,BROWNSTEIN,3250,7
Richard Neal,13,CHARLES KINGSTON PUBLIC RELATIONS,3000,1
Richard Neal,14,COLLINS ENGINEERING,2500,1
Richard Neal,15,JEO,2500,1
Richard Neal,16,GUIDA GEOSPATIAL SOLUTIONS,2500,1
Richard Neal,17,BGE,2500,1
Richard Neal,18,ROCKET COMPANIES,2500,1
Lloyd Doggett,1,MASON,3500,1
Lloyd Doggett,2,MCELROY SULLIVAN MILLER & WEBER,3500,1
Lloyd Doggett,3,HEARD & SMITH,3300,1
Lloyd Doggett,4,JACKSON WALKER,2500,1
Lloyd Doggett,5,CAPITOL COUNSEL,500,1
Lloyd Doggett,6,CAPITOL TAX,500,1
Lloyd Doggett,7,CAPITALEDGE STRATEGIES,250,1
Lloyd Doggett,8,INTERNAL REVENUE SERVICE,250,1
Lloyd Doggett,9,JOCELYN HONG &,250,1
Lloyd Doggett,10,CUNEO GILBERT & LADUCA,245,1
Mike Thompson,1,SIERRA PACIFIC INDUSTRIES,24500,7
Mike Thompson,2,JACKSON FAMILY WINES,22002,8
Mike Thompson,3,NORTHWESTERN MUTUAL,12227,11
Mike Thompson,4,E & J GALLO WINERY,7503,3
Mike Thompson,5,BELLA OAKS VINEYARD,7003,3
Mike Thompson,6,CURREN GOODDEN STRATEGIES,7000,2
Mike Thompson,7,WINE INSTITUTE,5253,3
Mike Thompson,8,PRODUCTS,5000,2
Mike Thompson,9,EXXONMOBIL,5000,3
Mike Thompson,10,ENERGY INFRASTRUCTURE COUNCIL,5000,2
Mike Thompson,11,TAPLIN CELLARS,4602,2
Mike Thompson,12,ARAUJO ESTATE WINES,4100,2
Mike Thompson,13,SPOTTSWOODE WINERY,4006,6
Mike Thompson,14,TOR WINES,3903,3
Mike Thompson,15,ROSEMARY CAKEBREAD WINEMAKING,3503,2
Mike Thompson,16,CAKEBREAD CELLARS,3503,2
Mike Thompson,17,WINE TO BAR,3500,1
Mike Thompson,18,JACKSON FAMILY WINE,3500,2
John Larson,1,EVOLUTION BENEFITS,10500,3
John Larson,2,HARTFORD HEALTHCARE,7500,9
John Larson,3,APOLLO,7000,2
John Larson,4,CAROLYN ROWAN COLLECTION,7000,2
John Larson,5,USA HAULING & RECYCLING,5000,2
John Larson,6,THE TRAVELERS,5000,2
John Larson,7,SIMONS,5000,2
John Larson,8,TOTAL WINE & MORE,4000,2
John Larson,9,INTANDEM CAPITAL,3500,1
John Larson,10,STRIPE,3500,1
John Larson,11,JCJ ARCHITECTURE,3500,2
John Larson,12,LAZ PARKING,3500,2
John Larson,13,ALSOP LOUIE,3500,1
John Larson,14,ADCHEM MFG TECH,3000,2
John Larson,15,VINCE,3000,1
John Larson,16,PULLMAN & COMLEY,2500,1
Danny Davis,1,BOJER FINANCIAL,3500,1
Danny Davis,2,UNITED SCAFFOLDING,3300,1
Danny Davis,3,GLOBAL STRATEGIC ALLIANCE,1500,1
Danny Davis,4,CONLON PUBLIC STRATEGIES,1500,2
Danny Davis,5,VEIN AND VASCULAR CENTERS,1000,1
Danny Davis,6,CISCO,1000,1
Danny Davis,7,CEO/FOUNDER,600,6
Danny Davis,8,NATIONAL KIDNEY FOUNATION OF I,350,1
Danny Davis,9,ENDEAVOR HEALTH SYSTEMS,250,1
Danny Davis,10,MODE,250,1
Danny Davis,11,NORTHWESTERN UNIVERSITY,250,1
Danny Davis,12,CONRAD/KINDNESS CARE,250,1
Danny Davis,13,CITY OF GARY,250,1
Danny Davis,14,UNIVERSITY OF IL,250,1
Danny Davis,15,ILLINOIS STATE,250,1
Danny Davis,16,COOK COUNTY ASSESSOR,200,1
Linda Sanchez,1,INVARIANT,14000,5
Linda Sanchez,2,COMCAST,7000,2
Linda Sanchez,3,AEROSCRAFT,5000,2
Linda Sanchez,4,RESOLUTION PUBLIC AFFAIRS,5000,2
Linda Sanchez,5,MEHLMAN,3677,4
Linda Sanchez,6,CASSIDY &,3500,1
Linda Sanchez,7,PISCES,3300,1
Linda Sanchez,8,KOUNTOUPES DENHAM CARR AND REID,2500,1
Linda Sanchez,9,ERNST & YOUNG,2500,1
Linda Sanchez,10,NATHANSON HAUCK,2500,1
Linda Sanchez,11,LINCOLN PARK,2500,1
Linda Sanchez,12,BELLWETHER GOVERNMENT AFFAIRS,2500,1
Linda Sanchez,13,AVENUE SOLUTIONS,2500,1
Linda Sanchez,14,RIDGELINE ADVOCACY,2500,1
Linda Sanchez,15,ROCK CREEK COUNSEL,2500,1
Linda Sanchez,16,ARNOLD & PORTER,2500,1
Linda Sanchez,17,S-3,2500,1
Linda Sanchez,18,THE DUBERSTEIN,2500,1
Linda Sanchez,19,THORN RUN,2500,1
Terri Sewell,1,GRAIL,10500,3
Terri Sewell,2,MEDICAL PLACE,6000,2
Terri Sewell,3,ARKANSAS UROLOGY,6000,8
Terri Sewell,4,UROLOGY NEVADA,6000,6
Terri Sewell,5,CITYBRIDGE FOUNDATION,3500,1
Terri Sewell,6,KKR,3000,1
Terri Sewell,7,SEAWRIGHT REAL ESTATE,3000,1
Terri Sewell,8,MINDSET,2500,4
Terri Sewell,9,MEHLMAN,2000,5
Terri Sewell,10,ARENT FOX,1750,3
Terri Sewell,11,CSG,1500,2
Terri Sewell,12,APOLLO GLOBAL,1500,2
Terri Sewell,13,DOUG JONES LAW,1500,1
Terri Sewell,14,ARENTFOX SCHIFF,1500,4
Terri Sewell,15,NORTHERN NEVADA MEDICAL CENTER,1000,1
Terri Sewell,16,WELSH ROSE,1000,1
Terri Sewell,17,PHIFER,1000,1
Suzan DelBene,1,APOLLO,11000,4
Suzan DelBene,2,TRANCEKA CAPITAL,7000,4
Suzan DelBene,3,COUPANG,5000,3
Suzan DelBene,4,MICROSOFT,3955,13
Suzan DelBene,5,LINCOLN AVENUE CAPITAL,3500,1
Suzan DelBene,6,ARNOLD VENTURES,3500,1
Suzan DelBene,7,PARTNER,3500,1
Suzan DelBene,8,GOOGLE,3500,1
Suzan DelBene,9,ATLAS-SP,3500,1
Suzan DelBene,10,MEHLMAN,3500,7
Suzan DelBene,11,PERKINS COIE,3000,3
Suzan DelBene,12,CAPITOL TAX,3000,5
Suzan DelBene,13,ONDA HOUSING,2500,1
Suzan DelBene,14,UNIVERSITY OF WASHINGTON,2055,14
Suzan DelBene,15,APOLLO GLOBAL,2000,2
Suzan DelBene,16,AKIN GUMP STRAUSS HAUER & FELD,2000,4
Judy Chu,1,MANHATTAN HOTEL,10000,4
Judy Chu,2,BAKER BOTTS,7000,2
Judy Chu,3,EDI MEDIA,5000,2
Judy Chu,4,ISESTAR,5000,2
Judy Chu,5,GRUEN,5000,2
Judy Chu,6,RICE FIELD,5000,2
Judy Chu,7,GARFIELD HEALTH CENTER,5000,2
Judy Chu,8,TRUE POWER SOLAR,4000,2
Judy Chu,9,CHINA-US BUSINESS SUMMIT,3500,1
Judy Chu,10,VMA COMMUNICATIONS,3500,1
Judy Chu,11,DEHENG LAW OFFICES,3500,1
Judy Chu,12,CHONG HING JEWELERS,3500,1
Judy Chu,13,GRAND BUFFET,3500,1
Judy Chu,14,YIN MCDONALD'S,3500,1
Judy Chu,15,FUSION50,3300,1
Judy Chu,16,JFI,3150,5
Judy Chu,17,GOLDEN STREAM PROPERTY,3000,1
Gwen Moore,1,EPIC SYSTEMS,7000,2
Gwen Moore,2,BOSTON MUTUAL LIFE INSURANCE,4800,2
Gwen Moore,3,NEWS MEDIA ALLIANCE,3500,1
Gwen Moore,4,INVARIANT,3300,1
Gwen Moore,5,MUNICH RE LIFE US,3300,1
Gwen Moore,6,ALLIANZ LIFE,3300,1
Gwen Moore,7,MASSMUTUAL,3300,1
Gwen Moore,8,GUARDIAN LIFE,3300,1
Gwen Moore,9,ONEAMERICA FINANCIAL,3300,1
Gwen Moore,10,KYNDRYL,2500,2
Gwen Moore,11,SOMERSET MD,2500,2
Gwen Moore,12,JAMES H LOWRY &,2000,1
Gwen Moore,13,MARTIN SCHREIBER &,2000,2
Gwen Moore,14,ROYAL NEIGHBORS OF AMERICA,1650,1
Gwen Moore,15,REMAX,1500,3
Gwen Moore,16,STARLITE PROPERTIES,1500,3
Gwen Moore,17,COLDWELL BANKER REALTY,1500,3
Gwen Moore,18,MEHLMAN,1455,4
Brendan Boyle,1,AMSCOT FINANCIAL,7500,3
Brendan Boyle,2,GI,7000,3
Brendan Boyle,3,BOSTON BEER,7000,2
Brendan Boyle,4,APOLLO GLOBAL,7000,3
Brendan Boyle,5,DAVID AUTO,7000,3
Brendan Boyle,6,CHARTERHOUSE,7000,3
Brendan Boyle,7,SELECT MEDICAL,6600,2
Brendan Boyle,8,THE DASCHLE,5000,6
Brendan Boyle,9,ARSENAL CAPITAL,5000,3
Brendan Boyle,10,CORNERSTONE GOVERNMENT AFFAIRS,4500,3
Brendan Boyle,11,NFG,3500,1
Brendan Boyle,12,KILKENNY LAW,3500,1
Brendan Boyle,13,CREI,3500,1
Brendan Boyle,14,ATLAS SP,3000,1
Brendan Boyle,15,AVNER GAT,2500,1
Brendan Boyle,16,FISHMAN BLOCK AND DIAMOND,2500,1
Brendan Boyle,17,WONDER MATH,2500,1
Brendan Boyle,18,MORRIS IRON AND STEEL,2500,1
Don Beyer,1,CLEMENTE,7000,2
Don Beyer,2,STRELITZIA VENTURES,7000,2
Don Beyer,3,NEWS,7000,2
Don Beyer,4,AI LAB WATCH,7000,2
Don Beyer,5,IDEAL INNOVATIONS,7000,2
Don Beyer,6,GRANITE TELECOM,7000,2
Don Beyer,7,HUESTON HENNIGAN,7000,2
Don Beyer,8,ANTHROPIC,7000,2
Don Beyer,9,BUCHANAN INGERSOLL & ROONEY,6600,2
Don Beyer,10,EVERLAW,6000,2
Don Beyer,11,MACHINE INTELLIGENCE RESEARCH INSTITUT,5000,2
Don Beyer,12,PLANET SUBARU,5000,2
Don Beyer,13,PILLSBURY,5000,3
Don Beyer,14,MCARTHURGLEN,4500,3
Don Beyer,15,JONES DAY,4500,2
Don Beyer,16,THE GRAHAM COMPANIES,4000,3
Dwight Evans,1,ASURION,7000,2
Dwight Evans,2,ANDERSON CONSTRUCTION,3500,1
Dwight Evans,3,METRO PHILLY,2500,1
Dwight Evans,4,AMAZING KIDZ ACADEMY,2000,1
Dwight Evans,5,MAIN LINE HEALTH,2000,2
Dwight Evans,6,PERMIT CAPITAL,1500,1
Dwight Evans,7,KEYSTONE OUTDOOR ADVERTISING,1000,1
Dwight Evans,8,MAVEN,1000,1
Dwight Evans,9,MCCORMICK TAYLOR,1000,1
Dwight Evans,10,ORACLE,1000,1
Dwight Evans,11,OIC OF AMERICA,1000,1
Dwight Evans,12,HAZZOURI AND,1000,1
Dwight Evans,13,ROYAL CARIBBEAN,1000,1
Dwight Evans,14,ALLIED CONSTRUCTION,1000,1
Dwight Evans,15,JPMORGAN CHASE,1000,1
Dwight Evans,16,DALE,1000,1
Brad Schneider,1,KIRKLAND & ELLIS,7360,3
Brad Schneider,2,COINBASE,7000,2
Brad Schneider,3,NEWSWEB,7000,2
Brad Schneider,4,PARAGON BIOSCIENCES,7000,3
Brad Schneider,5,EVANSTON SCHOOL DISTRICT #65,6600,2
Brad Schneider,6,DUPAGE MEDICAL,4500,2
Brad Schneider,7,CAPITOL TAX,4000,5
Brad Schneider,8,COONEY & CONWAY,3750,2
Brad Schneider,9,CLIFFORD LAW OFFICES,3500,1
Brad Schneider,10,ABUNDANT VENTURE,3500,1
Brad Schneider,11,ROMANUCCI & BLANDIN,3500,1
Brad Schneider,12,EDWARD C LEVY,3500,1
Brad Schneider,13,DISPARTI LAW,3500,1
Brad Schneider,14,MUCH,3500,1
Brad Schneider,15,COONEY AND CONWAY,3500,1
Brad Schneider,16,SENIOR CARE PHARMACY COALITION,3500,1
Jimmy Panetta,1,HEALTHEQUITY,17200,12
Jimmy Panetta,2,APOLLO GLOBAL,7000,3
Jimmy Panetta,3,APOLLO,7000,2
Jimmy Panetta,4,SAGESURE,7000,2
Jimmy Panetta,5,CENTRAL NATIONAL GOTTESMAN,7000,2
Jimmy Panetta,6,FISHER PHILLIPS,6000,3
Jimmy Panetta,7,MINILEC SERVICE,5000,3
Jimmy Panetta,8,TANIMURA & ANTLE,4500,2
Jimmy Panetta,9,NFP,4500,3
Jimmy Panetta,10,RA COHEN &,4104,3
Jimmy Panetta,11,KIMCO REALTY,4000,2
Jimmy Panetta,12,LANGSAM PROPERTY,4000,2
Jimmy Panetta,13,ATALAN,4000,2
Jimmy Panetta,14,GTS,4000,2
Jimmy Panetta,15,MOORE CAPITAL,3500,1
Jimmy Panetta,16,MONTEREY COUNTY PUBLIC DEFENDER'S OFFI,3500,1
Jimmy Panetta,17,RAVA RANCHES,3500,1
Jimmy Gomez,1,MASSACHUSETTS GENERAL HOSPITAL,7000,2
Jimmy Gomez,2,VITU,7000,2
Jimmy Gomez,3,GDML,7000,2
Jimmy Gomez,4,UNIVERSITY OF CALIFORNIA LOS ANGELES,7000,2
Jimmy Gomez,5,ACTUM,5500,4
Jimmy Gomez,6,CARRILLO LAW FIRM,5000,2
Jimmy Gomez,7,MERCURY PUBLIC AFFAIRS,4000,2
Jimmy Gomez,8,TELACU INDUSTRIES,4000,2
Jimmy Gomez,9,CAPITAL,3500,1
Jimmy Gomez,10,PIVOTAL VENTURES,3500,1
Jimmy Gomez,11,MANUEL GONZALES,3500,1
Jimmy Gomez,12,TELEGRAPH AVENUE ADVISORS,3500,1
Jimmy Gomez,13,LATHAM & WATKINS,3500,1
Jimmy Gomez,14,THEGROUP,3500,4
Jimmy Gomez,15,ABRIDGE,3500,1
Jimmy Gomez,16,ART ADVISORS,3500,1
Jimmy Gomez,17,ARIEL INVESTMENTS,3500,1
Steven Horsford,1,ANDREESSEN HOROWITZ,11500,7
Steven Horsford,2,STANLEY GABART,9800,5
Steven Horsford,3,APOLLO GLOBAL,9500,3
Steven Horsford,4,COINBASE,8750,4
Steven Horsford,5,UNLV,7538,4
Steven Horsford,6,CORNERSTONE GOVERNMENT AFFAIRS,7500,7
Steven Horsford,7,KEMP JONES & COULTHARD,7000,2
Steven Horsford,8,BAILEY KENNEDY,7000,2
Steven Horsford,9,LIONEL SAWYER AND COLLINS,7000,2
Steven Horsford,10,NIAGARA BOTTLING,7000,2
Steven Horsford,11,STATE OF ILLINOIS,7000,2
Steven Horsford,12,THE BAUPOST,7000,2
Steven Horsford,13,JREI,7000,2
Steven Horsford,14,ARIEL INVESTMENTS,7000,2
Steven Horsford,15,PALOMA ADVISORS,6950,3
Steven Horsford,16,GENENTECH,5250,3
Steven Horsford,17,KING & SPALDING,5000,2
Stacey Plaskett,1,BLOOMBERG,7000,2
Stacey Plaskett,2,NEW VOICES FUND,7000,2
Stacey Plaskett,3,HRA SOLUTIONS,7000,2
Stacey Plaskett,4,4 13 SOLUTIONS,4000,2
Stacey Plaskett,5,ARNOLD & PORTER,4000,3
Stacey Plaskett,6,DYSLXIK,4000,2
Stacey Plaskett,7,THE HAY LAW,3500,1
Stacey Plaskett,8,SIMPLY HOME PROPERTIES,3500,1
Stacey Plaskett,9,AT&T,3500,1
Stacey Plaskett,10,CHAINABLE,3500,1
Stacey Plaskett,11,OGR,3500,1
Stacey Plaskett,12,CONCESSIONS,3500,1
Stacey Plaskett,13,CALLWOOD,2500,2
Stacey Plaskett,14,VANTAGE PRIVATE CAPITAL,2000,1
Stacey Plaskett,15,MANZANITA CAPITAL,2000,1
Stacey Plaskett,16,KING AND SPALDING,1500,1
Stacey Plaskett,17,BROWNSTEIN HYATT FARBER SCHRECK,1500,1
Stacey Plaskett,18,PARAMOUNT,1000,1
Thomas Suozzi,1,GFP REAL ESTATE,12000,4
Thomas Suozzi,2,UROLOGY OF INDIANA,12000,20
Thomas Suozzi,3,MACK & CONSTRUCTION,10500,3
Thomas Suozzi,4,BROADRIDGE FINANCIAL,10000,4
Thomas Suozzi,5,CHARLESBANK CAPITAL,8000,3
Thomas Suozzi,6,MASS GENERAL HOSPITAL,7500,3
Thomas Suozzi,7,OAKTREE CAPITAL,7000,2
Thomas Suozzi,8,BAIN CAPITAL,7000,2
Thomas Suozzi,9,GIVE FORWARD FOUNDATION,7000,2
Thomas Suozzi,10,THE RIVERSIDE,7000,2
Thomas Suozzi,11,GEPHARDT,7000,3
Thomas Suozzi,12,THE D3 FAMILY FUNDS,7000,2
Thomas Suozzi,13,THE BAUPOST,7000,2
Thomas Suozzi,14,GABRIELA HEARST,7000,2
Thomas Suozzi,15,BREAKTHRU BEVERAGE,7000,2
Thomas Suozzi,16,SUFFOLK CONSTRUCTION,7000,2
Thomas Suozzi,17,MOORE CAPITAL,7000,2
Mike Crapo,1,AES,14000,6
Mike Crapo,2,CEO,7000,3
Mike Crapo,3,NATIONAL FINANCIAL,7000,3
Mike Crapo,4,INPWR,7000,3
Mike Crapo,5,DUCHOSSOIS CAPITAL,7000,2
Mike Crapo,6,WORLD FRESH MARKET,7000,2
Mike Crapo,7,BOB LOQUERCIO AUTO,7000,2
Mike Crapo,8,SUMMIT RIDGE ENERGY,6000,4
Mike Crapo,9,THE SINCLAIR COMPANIES,3500,1
Mike Crapo,10,WCAS,3500,1
Mike Crapo,11,J BENTON CONSTRUCTION,3500,1
Mike Crapo,12,ALLIANTGROUP,3500,1
Mike Crapo,13,SINCLAIR OIL COMPANIES,3500,1
Mike Crapo,14,MASON STREET,3500,3
Mike Crapo,15,NOVOGRADAC &,2500,1
Mike Crapo,16,NORTHEAST PRIVATE CLIENT,2000,2
Mike Crapo,17,TRIUMPH HIGHER EDUCATION,2000,1
Chuck Grassley,1,DCI,7000,3
Chuck Grassley,2,SPACEX,6600,3
Chuck Grassley,3,EDWARD C LEVY,1660,2
Chuck Grassley,4,PLUS POWER,1000,1
Chuck Grassley,5,ZMF LAW FIRM,1000,1
Chuck Grassley,6,HALLRICH,505,6
Chuck Grassley,7,AXON,500,1
Chuck Grassley,8,BADGER STATE WESTERN,450,18
Chuck Grassley,9,HPS ENTERPRISES,300,3
Chuck Grassley,10,AN ISLAND BREEZE VACATION RENTALS,225,9
Chuck Grassley,11,E R FIELD,162,8
Chuck Grassley,12,USPS,107,10
Chuck Grassley,13,TEXAS CAPITAL BANK,105,3
Chuck Grassley,14,GEORGE MASON UNIVERSITY,100,1
Chuck Grassley,15,DIRECTEMPLOYERS ASSOCIATION,100,1
Chuck Grassley,16,WATAUGA PATHOLOGY,74,1
John Cornyn,1,FIDELITY INVESTMENTS,23850,16
John Cornyn,2,APOLLO,10069,7
John Cornyn,3,APOLLO GLOBAL,10000,6
John Cornyn,4,INTEGRITY,7287,5
John Cornyn,5,AIMC,7287,5
John Cornyn,6,MACERICH,7000,3
John Cornyn,7,JANE STREET,7000,3
John Cornyn,8,MOUNTAIRE,7000,3
John Cornyn,9,KENDELL JACKSON,7000,3
John Cornyn,10,CARNIVAL CRUISE LINES,5100,4
John Cornyn,11,KOCH INDUSTRIES,4500,4
John Cornyn,12,FIERCE GOVERNMENT RELATIONS,4500,2
John Cornyn,13,AUDAX,3736,4
John Cornyn,14,NATHANSON+HAUCK,3500,3
John Cornyn,15,CEO,3500,1
John Cornyn,16,O'BRIEN AUTOMOTIVE TEAM,3500,1
John Cornyn,17,CARNIVAL,3500,1
John Thune,1,DAVITA,47000,29
John Thune,2,BEASLEY MEDIA,10000,6
John Thune,3,GRAY MEDIA,9700,9
John Thune,4,NATIONAL ASSOCIATION OF BROADCASTERS,7000,6
John Thune,5,JACKSON FAMILY WINES,7000,2
John Thune,6,CLEAR CAPITAL,7000,2
John Thune,7,US IMMIGRATION FUND,7000,1
John Thune,8,AMERIFIRST,7000,3
John Thune,9,COLLIERS,7000,3
John Thune,10,WASSERMAN,7000,1
John Thune,11,ROUTE ONE INVESTMENT,6600,3
John Thune,12,MORTGAGE BANKERS ASSOCIATION,5500,2
John Thune,13,WATER STREET HEALTHCARE,5000,3
John Thune,14,CNHT,5000,2
John Thune,15,SUMMIT RIDGE ENERGY,5000,3
John Thune,16,LINDEN CAPITAL,5000,3
John Thune,17,SALEM MEDIA,5000,3
Tim Scott,1,BLACKSTONE,40400,16
Tim Scott,2,COINBASE,10500,3
Tim Scott,3,MONARCH PRIVATE CAPITAL,7000,8
Tim Scott,4,ELLIOTT INVESTMENT,7000,3
Tim Scott,5,KOCH INDUSTRIES,6000,8
Tim Scott,6,HIGHLAND,5205,3
Tim Scott,7,FAIRTIDE,5205,3
Tim Scott,8,PENN MUTUAL,5000,5
Tim Scott,9,VEHICLE LEASING,3643,3
Tim Scott,10,VETERANS UNITED HOME LOANS,3500,1
Tim Scott,11,ST LUKES HOSPITAL,2590,5
Tim Scott,12,DEPARTMENT OF VETERANS AFFAIRS,2549,2
Tim Scott,13,VALMARK,2500,1
Tim Scott,14,HTK,2500,1
Tim Scott,15,CHRIS MORPHEW,2475,9
Tim Scott,16,BEAR RIVER ENERGY,2415,151
Bill Cassidy,1,NEW YORK CANCER & BLOOD SPECIALISTS,28500,29
Bill Cassidy,2,APOLLO,25500,14
Bill Cassidy,3,APOLLO GLOBAL,21500,13
Bill Cassidy,4,FULL SAIL UNIVERSITY,18500,11
Bill Cassidy,5,WEBB CREEK,11667,6
Bill Cassidy,6,MARCUS,10500,5
Bill Cassidy,7,HEALTHPEAK,8500,4
Bill Cassidy,8,RIO GRANDE UROLOGY,8500,3
Bill Cassidy,9,MOBLEY,8333,5
Bill Cassidy,10,NEUBERGER BERMAN,8059,4
Bill Cassidy,11,ELLIOTT INVESTMENT,7939,4
Bill Cassidy,12,OAKTREE CAPITAL,7307,5
Bill Cassidy,13,ALEXANDRIA REAL ESTATE EQUITIES,7048,6
Bill Cassidy,14,RIVERBEND INDUSTRIES,7000,3
Bill Cassidy,15,ARNOLD VENTURES,7000,12
Bill Cassidy,16,VIVEX BIOLOGICS,7000,3
James Lankford,1,AAR,7000,3
James Lankford,2,FLORIDA EAST COAST INDUSTRIES,7000,3
James Lankford,3,BLACKSTONE,7000,3
James Lankford,4,ROUTE ONE INVESTMENT,7000,3
James Lankford,5,HERZOG,7000,3
James Lankford,6,TRIWEST HEALTHCARE ALLIANCE,7000,4
James Lankford,7,ANGELS BASEBALL,5000,3
James Lankford,8,SENIOR CARE PHARMACY COALITION,5000,3
James Lankford,9,INTUIT,5000,2
James Lankford,10,SUNSTONE CREDIT,4500,3
James Lankford,11,FIERCE GOVERNMENT RELATIONS,3750,2
James Lankford,12,AMERICAN ENDOWMENT FOUNDATION,3500,1
James Lankford,13,SUNLIGHT FINANCIAL,3500,1
James Lankford,14,HAKIMIAN,3500,1
James Lankford,15,PHARMACY UNLIMITED,3500,1
James Lankford,16,MARQUIS COMPANIES,3500,1
James Lankford,17,ICI HOMES,3500,1
James Lankford,18,RENAISSANCE ACQUISITION,3000,1
Steve Daines,1,FISHER INVESTMENTS,14000,6
Steve Daines,2,KIRKLAND & ELLIS,10500,3
Steve Daines,3,NORTHWESTERN MUTUAL,9500,16
Steve Daines,4,BROWNSTEIN HYATT FARBER SCHRECK,9000,4
Steve Daines,5,SKYBOX CAPITAL,7000,3
Steve Daines,6,CHARLES POTOMAC CAPITAL,7000,3
Steve Daines,7,REES-JONES,7000,3
Steve Daines,8,RIVERBEND INDUSTRIES,7000,3
Steve Daines,9,CLEARPATH FOUNDATION,7000,3
Steve Daines,10,KAITAR RESOURCES,7000,3
Steve Daines,11,CUMBERLAND DEVELOPMENT,7000,3
Steve Daines,12,EDW C LEVY,7000,15
Steve Daines,13,CASTLE HARLAN,7000,3
Steve Daines,14,AUDAX,7000,3
Steve Daines,15,LEFRAK ORGANIZATION,7000,3
Steve Daines,16,LE FRAK ORGANIZATION,7000,3
Todd Young,1,BLACKROCK,16000,9
Todd Young,2,RELIANCE SYSTEMS,12000,6
Todd Young,3,SKYHAWK,12000,1
Todd Young,4,NOVOCURE,10000,7
Todd Young,5,FAIRTIDE,10000,6
Todd Young,6,NOVOGRADAC &,7000,3
Todd Young,7,ONDA HOUSING,7000,3
Todd Young,8,THE CARSON FAMILY CHARITABLE TRUST,7000,3
Todd Young,9,PATE,7000,3
Todd Young,10,CLEAR CAPITAL,7000,3
Todd Young,11,CHICAGO CUBS,7000,3
Todd Young,12,REGENCY CENTERS,7000,4
Todd Young,13,CAROUSEL GROWTH,7000,3
Todd Young,14,MARCUS,7000,3
Todd Young,15,JANE STREET CAPITAL,7000,3
Todd Young,16,INCLUSIVE ABUNDANCE INITIATIVE,7000,3
John Barrasso,1,BLACKSTONE,26204,9
John Barrasso,2,ALLIANTGROUP,25000,9
John Barrasso,3,OWL ROCK CAPITOL,7000,2
John Barrasso,4,ARBELLA CAPITAL,7000,2
John Barrasso,5,EL DORADO,6500,2
John Barrasso,6,GUIDEPOST STRATEGIES,5520,3
John Barrasso,7,SEARING INDUSTRIES,5205,2
John Barrasso,8,HILLNORTH,5000,2
John Barrasso,9,FIERCE GOVERNMENT RELATIONS,3500,1
John Barrasso,10,NATIONAL MINING ASSOCIATION,3500,2
John Barrasso,11,ARNOLD VENTURES,3500,1
John Barrasso,12,ARVEST BANK,3500,1
John Barrasso,13,TODD STRATEGY,3500,1
John Barrasso,14,WINGED KEEL,3000,3
John Barrasso,15,INVARIANT,2500,1
John Barrasso,16,PEABODY,2500,1
John Barrasso,17,GOWEST CREDIT UNION ASSOCIATION,2500,2
Ron Johnson,1,REDWOOD RESEARCH,14000,10
Ron Johnson,2,NULLFRAME,7000,5
Ron Johnson,3,SAGESURE,7000,5
Ron Johnson,4,MACHINE INTELLIGENCE RESEARCH INSTITUT,7000,5
Ron Johnson,5,HCSS,3500,1
Ron Johnson,6,EDWCLEVY,3000,5
Ron Johnson,7,ROLLING8,2500,1
Ron Johnson,8,UP CAMPUS,2500,1
Ron Johnson,9,JL SOSA MD,2250,17
Ron Johnson,10,MEADOWS BEE FARM,2020,3
Ron Johnson,11,CHARLES A KLEIN,1850,40
Ron Johnson,12,ENTREPRENEUR,1743,20
Ron Johnson,13,SSM HEALTH,1560,3
Ron Johnson,14,CLOVER CREEK FARMS,1300,23
Ron Johnson,15,COOK BROTHERS,1125,9
Ron Johnson,16,EWU,1125,9
Thom Tillis,1,CORNING,36250,19
Thom Tillis,2,STATE STREET,23000,19
Thom Tillis,3,CLEAN ENERGY,19000,15
Thom Tillis,4,MOBLEY,16667,2
Thom Tillis,5,WEBB CREEK,16666,4
Thom Tillis,6,BROWNSTEIN HYATT FARBER SCHRECK,16300,10
Thom Tillis,7,CAPITOL COUNSEL,15250,9
Thom Tillis,8,WINKLEVOSS CAPITAL,14000,4
Thom Tillis,9,SUNSTONE CREDIT,14000,4
Thom Tillis,10,KIRKLAND & ELLIS,14000,4
Thom Tillis,11,META,12500,6
Thom Tillis,12,MONARCH PRIVATE CAPITAL,11000,4
Thom Tillis,13,THE NICKLES,10000,7
Thom Tillis,14,CLEAN ENERGY FUELS,9500,8
Thom Tillis,15,TODD STRATEGY,8300,7
Thom Tillis,16,EDWARD C LEVY,7025,3
Marsha Blackburn,1,CASTLE HARLAN,7000,4
Marsha Blackburn,2,BROYDRICK AND,7000,10
Marsha Blackburn,3,WINKLEVOSS CAPITAL,7000,3
Marsha Blackburn,4,ATLANTIC REALTY,5000,3
Marsha Blackburn,5,GBE,5000,3
Marsha Blackburn,6,SERVICE,3300,1
Marsha Blackburn,7,SPLITOAK STRATEGIES,2500,1
Marsha Blackburn,8,INNOVATIVE POLICY,2000,2
Marsha Blackburn,9,FBB FEDERAL RELATIONS,2000,2
Marsha Blackburn,10,LEIDOS,1000,1
Marsha Blackburn,11,THE NICKLES,1000,1
Marsha Blackburn,12,THE CORMAC,1000,1
Marsha Blackburn,13,CHARTWELL STRATEGY,1000,1
Marsha Blackburn,14,ALSTON BIRD,1000,2
Marsha Blackburn,15,SUGAR CREEK CAPITAL,1000,1
Marsha Blackburn,16,US NAVY,800,10
Marsha Blackburn,17,WASHINGTON TAX,500,1
Marsha Blackburn,18,ACG ADVOCACY,500,1
Roger Marshall,1,IEX,26500,13
Roger Marshall,2,MOBLEY,16500,5
Roger Marshall,3,M&M INDUSTRIES INCL,14000,1
Roger Marshall,4,WINKLEVOSS CAPITAL,14000,2
Roger Marshall,5,SENIOR CARE PHARMACY COALITION,10000,4
Roger Marshall,6,SELF/CORPORATE LAKE PROPERTIES,8000,4
Roger Marshall,7,CUMBERLAND DEVELOPMENT,7000,3
Roger Marshall,8,PROPANE POWER,7000,3
Roger Marshall,9,POET,7000,4
Roger Marshall,10,NEUROCRINE BIOSCIENCES,7000,1
Roger Marshall,11,THE KENT COMPANIES,7000,1
Roger Marshall,12,JANE STREET,7000,3
Roger Marshall,13,RESEARCH AFFILIATES,7000,3
Roger Marshall,14,AAPEP,7000,4
Roger Marshall,15,BGR,7000,5
Roger Marshall,16,AUDAX,7000,1
Ron Wyden,1,HAWTHORN RETIREMENT,13200,4
Ron Wyden,2,MANZANITA CAPITAL,3300,1
Ron Wyden,3,CSI,3000,5
Ron Wyden,4,GOWEST CREDIT UNION ASSOCIATION,2500,1
Ron Wyden,5,THE DUBERSTEIN,2500,1
Ron Wyden,6,STCU,1000,2
Ron Wyden,7,PHARMACISTS UNITED FOR TRUTH AND TRANS,500,1
Ron Wyden,8,CHARLES SCHULZ MUSEUM,400,1
Ron Wyden,9,GLOBAL TRADING RESORCE,360,18
Ron Wyden,10,UN WOMEN,270,9
Ron Wyden,11,IPRO,225,9
Ron Wyden,12,APPLE,195,1
Ron Wyden,13,SBC INSURANCE,135,9
Ron Wyden,14,SANTA MONICA UCLA MEDICAL CETER,135,9
Ron Wyden,15,USDOL-OSHA,90,9
Ron Wyden,16,DELPHI,52,4
Ron Wyden,17,COMMUNITY HEALTH,49,7
Maria Cantwell,1,SV ANGEL,7000,2
Maria Cantwell,2,SIERRA NEVADA,3500,1
Maria Cantwell,3,PISCES,3300,1
Maria Cantwell,4,WESTERN MARINE CONSTRUCTION,1500,1
Maria Cantwell,5,MORGAN MURPHY MEDIA,1250,1
Maria Cantwell,6,COMPUTER & COMMUNICATIONS INDUSTRY ASS,1000,1
Maria Cantwell,7,VENABLE,1000,1
Maria Cantwell,8,SALT POINT STRATEGIES,1000,1
Maria Cantwell,9,ABI,1000,1
Maria Cantwell,10,CAPITOL HILL POLICY,1000,1
Maria Cantwell,11,FEDERAL MARITIME COMMISSION,850,10
Maria Cantwell,12,CARNEGIE MELLON UNIVERSITY,750,2
Maria Cantwell,13,ACCELERATE STRATEGIES,500,1
Maria Cantwell,14,MORAN GLOBAL STRATEGIES,500,1
Maria Cantwell,15,COLLINS ENGINEERS,500,1
Maria Cantwell,16,CHARLES M SCHULZ MUSEUM,500,1
Maria Cantwell,17,PENN AVENUE,500,1
Maria Cantwell,18,HLP&R,500,1
Michael Bennet,1,ANGELO GORDON,7000,2
Michael Bennet,2,PISCES,3300,1
Michael Bennet,3,VITUITY,1500,4
Michael Bennet,4,APOLLOMD,1500,1
Michael Bennet,5,MASS GENERAL HOSPITAL,1000,1
Michael Bennet,6,SCP HEALTH,1000,1
Michael Bennet,7,WAKE EMERGENCY PHYSICIANS,500,1
Michael Bennet,8,ZOTEC,500,1
Michael Bennet,9,BRAULT PRACTICE SOULTIONS,500,1
Michael Bennet,10,THOMAS WU,300,3
Michael Bennet,11,FAIR PLAY POLICY INSTITUTE,250,1
Michael Bennet,12,EMS SC,250,1
Michael Bennet,13,MASSACHUSETTS GENERAL HOSPITAL,250,1
Michael Bennet,14,BSA HEALTHCARE,250,1
Michael Bennet,15,TEAMHEALTH,250,1
Michael Bennet,16,DISNEY/ABC,105,6
Michael Bennet,17,GREVE FOUNDATION,102,10
Mark Warner,1,KOHLBERG KRAVIS ROBERTS &,52500,15
Mark Warner,2,APOLLO GLOBAL,45000,17
Mark Warner,3,GOLDMAN SACHS,42600,14
Mark Warner,4,VISA,40000,23
Mark Warner,5,JPMORGAN CHASE,35500,18
Mark Warner,6,BANK OF NEW YORK,28500,9
Mark Warner,7,COMCAST,20230,22
Mark Warner,8,COINBASE,19000,6
Mark Warner,9,FIDELITY INVESTMENTS,18750,23
Mark Warner,10,GOLDMAN SACHS &,16700,6
Mark Warner,11,BLUE CROSS BLUE SHIELD,15000,6
Mark Warner,12,SPRUCE HOUSE,14000,4
Mark Warner,13,BROWNSTEIN HYATT FARBER SCHRECK,13900,20
Mark Warner,14,BLACKSTONE,13000,5
Mark Warner,15,MILLER BARONDESS,12000,4
Mark Warner,16,CAPITOL COUNSEL,11750,12
Mark Warner,17,AMAZON,11250,11
Sheldon Whitehouse,1,COTCHETT PITRE & MCCARTHY,7000,2
Sheldon Whitehouse,2,ANBAU ENTERPRISES,6600,2
Sheldon Whitehouse,3,LORING WOLCOTT,5000,2
Sheldon Whitehouse,4,SHAWMUT CAPITAL,3500,1
Sheldon Whitehouse,5,GOOGLE,3500,1
Sheldon Whitehouse,6,IMPERIUM GLOBAL ADVISORS,1500,2
Sheldon Whitehouse,7,LARKSPUR,1450,4
Sheldon Whitehouse,8,DAY PITNEY,1250,2
Sheldon Whitehouse,9,NEW MEXICO PEDIATRIC SOCIETY,1100,1
Sheldon Whitehouse,10,THE HAWTHORN LC,1000,1
Sheldon Whitehouse,11,MAHONEY DONNELLY,1000,1
Sheldon Whitehouse,12,GRAYROBINSON,1000,1
Sheldon Whitehouse,13,CDI METERS,750,2
Sheldon Whitehouse,14,CFO COMPLIANCE,650,1
Sheldon Whitehouse,15,IHEARTMEDIA,500,1
Sheldon Whitehouse,16,FEDERAL STREET STRATEGIES,500,1
Sheldon Whitehouse,17,HMFH ARCHITECTS,500,1
Sheldon Whitehouse,18,ECOMBUSTIBLE ENERGY,390,2
Maggie Hassan,1,LIBERTY MUTUAL INSURANCE,17500,11
Maggie Hassan,2,ANTHROPIC PBC,14000,4
Maggie Hassan,3,ROSEN,10000,3
Maggie Hassan,4,CHISHOLM CHISHOLM & KILPATRICK,7144,4
Maggie Hassan,5,HEADWATER,7000,2
Maggie Hassan,6,VETERANS UNITED HOME LOANS,7000,3
Maggie Hassan,7,THE BAUPOST,7000,3
Maggie Hassan,8,MASS GENERAL HOSPITAL,7000,2
Maggie Hassan,9,140 SUMMER,7000,2
Maggie Hassan,10,CORNERSTONE GOVERNMENT AFFAIRS,5500,7
Maggie Hassan,11,THE DINEX,5400,2
Maggie Hassan,12,KIRKENDALL DWYER,5000,2
Maggie Hassan,13,KECHES LAW,5000,2
Maggie Hassan,14,VAN SCOYOC,5000,4
Maggie Hassan,15,KLAIN &,5000,2
Maggie Hassan,16,DOHERTY CELLA KEANE,5000,2
Maggie Hassan,17,WINSTON AND COUNSELING,4600,2
Catherine Cortez Masto,1,APOLLO,9000,3
Catherine Cortez Masto,2,D'LEON ENGINEERS,7000,2
Catherine Cortez Masto,3,THE DUBERSTEIN,6000,3
Catherine Cortez Masto,4,ACESSO BIOLOGICS,5000,2
Catherine Cortez Masto,5,NHS,5000,2
Catherine Cortez Masto,6,FUNDAMENTAL,5000,2
Catherine Cortez Masto,7,MARQUIS COMPANIES,5000,2
Catherine Cortez Masto,8,AVENUE SOLUTIONS,4000,2
Catherine Cortez Masto,9,APOLLO GLOBAL,4000,2
Catherine Cortez Masto,10,STRATEGIC LINK,3500,2
Catherine Cortez Masto,11,PISCES,3500,1
Catherine Cortez Masto,12,ROCKET HOMES,3500,1
Catherine Cortez Masto,13,ROCKET COMPANIES,3500,2
Catherine Cortez Masto,14,CAPITAL FUNDING,3500,1
Catherine Cortez Masto,15,ARIEL INVESTMENTS,3500,1
Catherine Cortez Masto,16,K&L GATES,3000,3
Catherine Cortez Masto,17,AVOQ,2500,1
Elizabeth Warren,1,SCALED AGILE,5000,2
Elizabeth Warren,2,CONRAD,3500,1
Elizabeth Warren,3,AMERICAN NATIONAL,3300,1
Elizabeth Warren,4,WILLIAM H THOMAS JR,1776,1
Elizabeth Warren,5,UNIVERSITY OF PENNSYLVANIA,1150,7
Elizabeth Warren,6,KLA-TENCOR,1040,18
Elizabeth Warren,7,WHYNOT INITIATIVE,1000,1
Elizabeth Warren,8,UMMC,1000,3
Elizabeth Warren,9,UNIV OF CONN,954,27
Elizabeth Warren,10,STANFORD UNIVERSITY,950,13
Elizabeth Warren,11,HOSPITAL,933,21
Elizabeth Warren,12,STANFORD UNIV,900,24
Elizabeth Warren,13,ARCTIC SLOPE RESEARCH,900,9
Elizabeth Warren,14,LEVY,850,4
Elizabeth Warren,15,HOT OFF THE PRESS,850,14
Elizabeth Warren,16,VIENNA VA,800,5
Bernie Sanders,1,GOOGLE,13271,151
Bernie Sanders,2,NVIDIA,12936,30
Bernie Sanders,3,AMAZON,8426,65
Bernie Sanders,4,META,7861,65
Bernie Sanders,5,MICROSOFT,7824,61
Bernie Sanders,6,USERNODE LABS AG,7500,3
Bernie Sanders,7,KAISER PERMANENTE,6183,68
Bernie Sanders,8,KNOX EQUITY,6000,7
Bernie Sanders,9,UC SANTA CRUZ,5120,8
Bernie Sanders,10,ZEPHYR AI,5000,2
Bernie Sanders,11,PATRIOT GROWTH INSURANCE,5000,2
Bernie Sanders,12,EPIC SYSTEMS,5000,2
Bernie Sanders,13,PLAYGROUND THEORY,5000,2
Bernie Sanders,14,AGERO,5000,2
Bernie Sanders,15,APPLE,4887,72
Bernie Sanders,16,NORTHWESTERN UNIVERSITY,4500,6
Tina Smith,1,ALBRIGHT STONEBRIDGE,1000,1
Tina Smith,2,MISSISSIPPI STATE UNIV,75,2
Tina Smith,3,THOMPSON COBURN,50,2
Tina Smith,4,EMBLEMHEALTH NEW YORK,25,1
Tina Smith,5,UNVERSITY OF COLORADO BOULDER,25,1
Tina Smith,6,ELIZABET P HESS PHD,24,2
Tina Smith,7,MOUNT SINAI HEALTH SYSTEM,12,1
Tina Smith,8,RPI,12,2
Tina Smith,9,UNIONBANK,10,1
Tina Smith,10,STATE AGRICULTURE DEVELOPMENT COMMITTE,10,2
Tina Smith,11,RITE AID,10,1
Tina Smith,12,VERIZON WIRELESS,7,3
Tina Smith,13,USF,6,3
Tina Smith,14,WHITE ENERGY,6,1
Tina Smith,15,LARRY GASSAN PHOTO/WHITE GLOVE SCANNIN,5,1
Tina Smith,16,AMERICAN EMBASSY SCHOOL-NEW DELHI,5,1
Tina Smith,17,WESTERN IOWA TECH COMM COLLEGE,5,1
Ben Ray Lujan,1,ANDREESSEN HOROWITZ,9050,4
Ben Ray Lujan,2,NATIONAL ASSOCIATION OF BROADCASTERS,8500,8
Ben Ray Lujan,3,JS CAPITAL,7000,2
Ben Ray Lujan,4,MASSACHUSETTS GENERAL HOSPITAL,7000,2
Ben Ray Lujan,5,THE BAUPOST,7000,2
Ben Ray Lujan,6,CLOTHIA,5350,2
Ben Ray Lujan,7,SCOUT VENTURES,4000,3
Ben Ray Lujan,8,S-3 PUBLIC AFFAIRS,4000,4
Ben Ray Lujan,9,ROBERTI GLOBAL,3500,1
Ben Ray Lujan,10,TIBER CREEK,3500,2
Ben Ray Lujan,11,SIMMONS & RUSSELL,3500,2
Ben Ray Lujan,12,GIBBS & BRUNS,3500,2
Ben Ray Lujan,13,LINCOLN PARK,3500,3
Ben Ray Lujan,14,L&F DISTRIBUTORS,3500,1
Ben Ray Lujan,15,ECG CONSULTANTS,3300,1
Ben Ray Lujan,16,PECK MADIGAN JONES,3000,3
Ben Ray Lujan,17,EMPIRE,3000,3
Raphael Warnock,1,THE CARSON FAMILY CHARITABLE TRUST,7000,2
Raphael Warnock,2,FARELLA BRAUN + MARTEL,3500,1
Raphael Warnock,3,LONGSHORE AND WAREHOUSE,3500,1
Raphael Warnock,4,GOOGLE,1890,66
Raphael Warnock,5,PENN AVENUE,1500,1
Raphael Warnock,6,HDR,1309,44
Raphael Warnock,7,MCGUIRE WOODS,1000,1
Raphael Warnock,8,RENAISSANCE PROPERTIES,1000,1
Raphael Warnock,9,MICROSOFT,900,33
Raphael Warnock,10,MARLARM S4,900,18
Raphael Warnock,11,COLGATE DIVINITY SCHOOL,900,9
Raphael Warnock,12,SOUTHERN CA PERMANENTE MEDICAL,900,9
Raphael Warnock,13,MATOACA MIDDLE,855,18
Raphael Warnock,14,HARVARD UNIVERSITY,765,27
Raphael Warnock,15,PLAVE KOCH,750,1
Raphael Warnock,16,FREDDIE MAC,750,23
Raphael Warnock,17,INTEL,747,27
Peter Welch,1,MEEHAN BOYLE BLACK & BOGDANOW,1000,1
Peter Welch,2,EHRENKRANZ,535,1
Peter Welch,3,SUNSTEIN KANN MURPHY & TIMBERS,250,1
